<?xml version="1.0" encoding="UTF-8"?>
<metadata>
  <mediatype>audio</mediatype>
  <collection>opensource_audio</collection>
  <title>NO MORE HEROES - NINE TO LIFE</title>
  <description>www.myspace.com/nmhtheband</description>
  <subject>rock</subject>
  <creator>no more heroes</creator>
  <identifier>NoMoreHeroes-NineToLife</identifier>
  <uploader>biefchief@gmail.com</uploader>
  <addeddate>2009-04-14 20:36:33</addeddate>
  <publicdate>2009-04-14 20:37:43</publicdate>
  <curation>[curator]validator@archive.org[/curator][date]20140404001856[/date][comment]checked for malware[/comment]</curation>
  <backup_location>ia903602_35</backup_location>
</metadata>
